"","Cantón","Poblacion de 15 años y mas","Tasa neta de participacón","Tasa de ocupación","Tasa de desempleo abierto","Porcentaje de población economicamente inactiva","relación de dependencia económica","Sector primario","Sector secundario","Sector terciario","Total hogares","Hogares pobres","Porcentaje de hogares pobres","Grupo clasificado","Población","Nacimientos","Tasa bruta de natalidad","Defunciones","Tasa bruta de mortalidad","muertes_infantiles","Tasa de mortalidad infantil","provincia"
"1","SAN JOSÉ",225856,56.7082565882686,54.477189005384,3.93429055504806,43.2917434117314,1.2490337994519,0.653446033810143,18.9060468140442,80.4405071521456,84066,11659.8155,4.35364775353684,1,322155,5358,16.63174559,1805,5.602893017,50,9.33,"San José"
"2","ESCAZÚ",44797,60.7094225059714,58.8655490323013,3.03721135461097,39.2905774940286,1.07784232975438,2.54835039817975,16.7159651118696,80.7356844899507,16839,1729.2626,0.645687766994707,1,63738,980,15.37544322,277,4.345916094,5,5.1,"San José"
"3","DESAMPARADOS",159292,56.9890515531226,54.706451045878,4.0053316295619,43.0109484468774,1.2958062988136,2.21475046762218,19.5701318522429,78.2151176801349,58608,9248.3424,3.45323003727627,1,222808,3369,15.12064199,980,4.398405802,35,10.39,"San José"
"4","PURISCAL",25774,50.6595794211221,49.1037479630636,3.07114957494064,49.3404205788779,1.52768629853718,15.7869785082174,14.4200379266751,69.7929835651075,9891,2191.8456,0.818411206638699,2,34485,416,12.06321589,172,4.987675801,3,7.21,"San José"
"5","TARRAZÚ",11800,51.1610169491525,49.7372881355932,2.78283915852245,48.8389830508475,1.69670366075865,41.2165615948202,10.3935934571477,48.389844948032,4632,1088.9832,0.406614432477028,2,17156,350,20.40102588,69,4.021916531,1,2.86,"San José"
"6","ASERRÍ",43396,54.4566319476449,52.6868835837404,3.2498307379824,45.5433680523551,1.44972918077183,7.2778166550035,18.964310706788,73.7578726382085,16348,3303.9308,1.23365167358447,2,58085,867,14.92640096,248,4.269604889,2,2.31,"San José"
"7","MORA",20414,55.2170079357304,53.4339178994808,3.22924059616749,44.7829920642696,1.33268275372605,8.25999266593326,16.0982764943161,75.6417308397506,7873,1314.791,0.490928598614657,1,27751,367,13.22474866,131,4.720550611,4,10.9,"San José"
"8","GOICOECHEA",90537,56.7933552028452,54.6980792383224,3.68929773041094,43.2066447971548,1.23816099107334,1.03590323492589,16.6733976818384,82.2906990832358,33351,4388.9916,1.63880152474386,1,126776,1747,13.78021077,650,5.127153404,20,11.45,"San José"
"9","SANTA ANA",38096,61.7755144897102,60.3632927341453,2.28605421942721,38.2244855102898,1.08732047250786,3.15707079492086,17.6682901374152,79.1746390676639,14467,1440.714,0.537946871422543,1,53189,777,14.60828367,177,3.327755739,10,12.87,"San José"
"10","ALAJUELITA",56704,56.0172121896163,53.8974322799097,3.78415816647777,43.9827878103837,1.44311169877849,0.772200772200772,22.599960735554,76.6278384922453,20471,4190.4137,1.56465470584805,2,82322,1260,15.30575059,310,3.765700542,11,8.76,"San José"
"11","VÁZQUEZ DE CORONADO",47697,58.3978027968216,56.6199132020882,3.04444604006606,41.6021972031784,1.17153730164429,2.14396800710953,16.1371547063615,81.7188772865289,17381,2052.6961,0.766454303197064,1,64628,959,14.83876957,275,4.255121619,12,12.51,"San José"
"12","ACOSTA",15270,49.5612311722331,48.5396201702685,2.06131078224101,50.4387688277669,1.67032241014799,30.4776038855909,10.5099838100378,59.0124123043713,5939,1594.6215,0.59541425087014,2,20286,268,13.21108153,91,4.485852312,4,14.92,"San José"
"13","TIBÁS",52194,56.0313445989961,54.0541058359198,3.52880834330655,43.968655401004,1.21719952128569,0.829404884273207,17.0807783645837,82.0898167511431,19563,2243.8761,0.837838827036328,1,78506,1091,13.89702698,396,5.044200443,13,11.92,"San José"
"14","MORAVIA",45444,58.67661297421,56.8259836282017,3.15394712169511,41.32338702579,1.13459591224452,1.77354399008674,16.1129182156134,82.1135377942999,17148,1670.2152,0.623640112779064,1,58704,676,11.51539929,267,4.548242028,8,11.83,"San José"
"15","MONTES DE OCA",41561,58.7690382810808,57.0655181540386,2.89866939611054,41.2309617189192,1.01154554759468,1.17215499430788,12.3497912889489,86.4780537167433,17188,1091.3745,0.407507317778089,1,60017,675,11.2468134,290,4.831964277,3,4.44,"San José"
"16","TURRUBARES",4133,48.1732397774014,46.3101863053472,3.86740331491713,51.8267602225986,1.76845806127574,33.0198537095089,12.8526645768025,54.1274817136886,1705,540.9965,0.202002184073692,3,6066,70,11.53972964,27,4.451038576,NA,NA,"San José"
"17","DOTA",5164,51.2199845081332,50.2904725019365,1.81474480151229,48.7800154918668,1.62684310018904,45.4370427416249,10.3966114747786,44.1663457835965,1988,414.2992,0.154694796103087,2,7391,104,14.07116764,20,2.705993776,1,9.61,"San José"
"18","CURRIDABAT",51916,58.8508359657909,57.082594961091,3.00461493143063,41.1491640342091,1.13419304159984,1.3700016871942,17.435464822001,81.1945334908048,19510,2190.973,0.81808538732966,1,73288,1020,13.91769457,237,3.233817269,11,10.78,"San José"
"19","PERÉZ ZELEDÓN",98186,48.0251767054366,46.3925610575846,3.3994995122365,51.9748232945634,1.85307715146117,26.5943667537485,13.2137604004303,60.1918728458212,38881,13076.39,4.88258119932271,3,139264,2322,16.67336857,557,3.999597886,21,9.04,"San José"
"20","LEÓN CORTÉS",9084,47.1708498458829,46.0259797446059,2.42707117852976,52.8291501541171,1.84714119019837,51.6144463047118,11.0021525950729,37.3834011002153,3431,944.8974,0.352814368532058,3,12469,178,14.275403,46,3.68914909,3,16.85,"San José"
"21","ALAJUELA",632572,52.8866279253587,51.2738470877623,3.04950589754473,47.1133720746413,1.5352148882366,17.3402313592975,21.1133857879289,61.5463828527736,73368,12311.1504,4.59684909100098,1,276794,4308,15.56392118,1123,4.057168869,35,8.12,"Alajuela"
"22","SAN RAMÓN",61084,51.0477375417458,49.5481631851221,2.93759220062857,48.9522624582542,1.58373420563145,16.863807572854,17.7889380823366,65.3472543448094,23747,5160.0058,1.92668980563261,2,83939,1258,14.98707395,339,4.038647113,10,7.95,"Alajuela"
"23","GRECIA",58182,53.7674882265993,52.2292117837132,2.86097880638046,46.2325117734007,1.45814020394463,15.8878504672897,25.3389495853626,58.7731999473476,22221,4339.7613,1.62041946844108,2,82489,1244,15.08079865,289,3.503497436,6,4.82,"Alajuela"
"24","SAN MATEO",4719,44.7340538249629,43.7380801017165,2.22643297015632,55.2659461750371,1.90667929891047,31.9282945736434,10.1744186046512,57.8972868217054,1857,489.904,0.182924802630772,2,6470,60,9.273570325,28,4.327666151,NA,NA,"Alajuela"
"25","ATENAS",20006,50.73977806658,49.6601019694092,2.12786917545069,49.26022193342,1.50812727810068,12.8032209360845,20.0603925515853,67.1363865123301,7631,1404.104,0.524277097294729,2,26420,316,11.96063588,147,5.563966692,5,15.82,"Alajuela"
"26","NARANJO",32302,50.7429880502755,49.3498854560089,2.74540906595083,49.2570119497245,1.60588127631017,17.1507433661627,25.2995420613512,57.549714572486,11958,2805.3468,1.04748585376087,2,43797,621,14.17905336,184,4.201200996,3,4.83,"Alajuela"
"27","PALMARES",27032,51.7497780408405,50.1146788990826,3.15962541997284,48.2502219591595,1.48166416470084,9.44858640289363,23.7986270022883,66.752786594818,9800,1848.28,0.690127564188907,2,36379,481,13.22191374,158,4.343165013,4,8.32,"Alajuela"
"28","POÁS",21926,53.1469488278756,51.2450971449421,3.57847764524157,46.8530511721244,1.50570668497383,16.9455322178711,24.3325026699893,58.7219651121396,8078,1745.6558,0.651808808820221,2,29693,463,15.59290068,112,3.771932779,2,4.32,"Alajuela"
"29","OROTINA",15137,48.2129880425448,46.8917222699346,2.74047684297068,51.7870119574552,1.78720197314333,9.86193293885602,15.6241194702733,74.5139475908707,6121,1548.656,0.578251235227637,2,20738,364,17.55231941,91,4.388079853,NA,NA,"Alajuela"
"30","SAN CARLOS",116816,54.1715176003287,52.6742911929873,2.76386277081588,45.8284823996713,1.5875855312021,26.0742377949685,14.8865630891244,59.0391991159072,45958,11696.8332,4.36746975839155,2,172023,3433,19.95663371,509,2.958906658,30,8.74,"Alajuela"
"31","ALFARO RUIZ",9249,54.8167369445345,54.3193858795546,0.907297830374753,45.1832630554655,1.40729783037475,39.609872611465,15.7444267515924,44.6457006369427,3417,627.0195,0.234122232688741,2,12846,217,16.89241787,45,3.503035965,2,9.22,"Alajuela"
"32","VALVERDE VEGA",13645,50.7658482960791,49.1975082447783,3.08936047350946,49.2341517039209,1.61079832539339,17.0564576195442,26.2475793237003,56.6959630567556,5129,1165.8217,0.435305089109643,2,19936,261,13.09189406,54,2.708667737,2,7.66,"Alajuela"
"33","UPALA",30304,44.9214625131996,43.7961985216473,2.50495849555572,55.0785374868004,2.22875192830383,45.0874020494274,8.94364074743821,45.9689572031344,11692,5311.6756,1.98332165234145,4,47357,878,18.54002576,165,3.484173406,12,13.67,"Alajuela"
"34","LOS CHILES",16195,47.4837912936091,45.6622414325409,3.83615084525358,52.5162087063909,2.08647594278283,54.5638945233266,7.91075050709939,37.525354969574,6191,2645.3245,0.987735274782089,4,27301,550,20.14578221,65,2.38086517,11,20,"Alajuela"
"35","GUATUSO",10972,46.1265038279256,44.7867298578199,2.9045643153527,53.8734961720744,2.06421655799249,49.2877492877493,9.89010989010989,40.8221408221408,4497,2015.5598,0.752588014397754,4,16950,294,17.34513274,50,2.949852507,1,3.4,"Alajuela"
"36","CARTAGO",113972,53.1709542694697,51.4398273260099,3.25577557755776,46.8290457305303,1.44056105610561,10.2188411482764,23.2418510242721,66.5393078274515,39773,6940.3885,2.59146525960877,1,151774,2161,14.23827533,694,4.57258819,21,9.72,"Cartago"
"37","PARAÍSO",43318,51.468211828801,49.5752343136802,3.67795469836286,48.531788171199,1.58995290423862,16.5681024447031,22.8218859138533,60.6100116414435,15076,3411.6988,1.27389106769008,2,58030,906,15.61261417,231,3.980699638,9,9.93,"Cartago"
"38","LA UNIÓN",75029,59.2637513494782,57.2525290221115,3.39368042280445,40.7362486505218,1.23544360733161,1.86702672502095,20.0391097867585,78.0938634882205,27573,4237.9701,1.58241174617397,1,101195,1273,12.57967291,309,3.053510549,13,10.21,"Cartago"
"39","JIMÉNEZ",11173,47.0509263402846,45.7531549270563,2.75822712573711,52.9490736597154,1.79037473844398,32.68779342723,16.3928012519562,50.9194053208138,4193,1114.9187,0.416298464896911,2,15716,211,13.42580809,58,3.69050649,3,14.22,"Cartago"
"40","TURRIALBA",52690,47.4795976466123,46.0599734294933,2.98996682256066,52.5204023533877,1.78274773154255,21.8426799620916,16.87337755985,61.2839424780584,20790,5190.7636,1.93817443220099,2,72631,1245,17.14144098,311,4.281918189,11,8.83,"Cartago"
"41","ALVARADO",10696,53.0385190725505,52.2344801795064,1.51595275868147,46.9614809274495,1.52282742816852,43.4938249507786,14.426346876678,42.0798281725434,3719,886.9815,0.331189204057623,2,14302,220,15.38246399,63,4.404978325,6,27.27,"Cartago"
"42","OREAMUNO",34110,53.9079448841982,52.4127821753152,2.77354796606482,46.0920551158018,1.47297150315423,20.0805459223627,20.3434388634075,59.5760152142298,11509,2389.2684,0.892126723811072,2,46136,603,13.07005375,162,3.511357725,3,4.97,"Cartago"
"43","EL GUARCO",31292,55.1323021858622,53.2883804167199,3.34453976350568,44.8676978141378,1.42250173892882,12.1379310344828,28.7136431784108,59.1484257871065,10988,2104.202,0.78568604368463,2,42474,698,16.4335829,135,3.17841503,3,4.3,"Cartago"
"44","HEREDIA",96888,58.8989348526133,57.02770208901,3.17702309606421,41.1010651473867,1.16619353029825,1.20355455812354,22.9525998588312,75.8438455830453,36339,4160.8155,1.55360306125395,1,128546,1875,14.58621816,537,4.177492882,22,11.73,"Heredia"
"45","BARVA",31575,57.7767220902613,56.4117181314331,2.36255001918544,42.2232779097387,1.22880008770487,3.7951942510667,19.5261621378846,76.6786436110487,11553,1488.0264,0.55561280481355,1,41086,564,13.7273037,150,3.650878645,3,5.32,"Heredia"
"46","SANTO DOMINGO",32102,57.1,55.43,2.9,42.9,1.2,2.87894554283732,16.5799514394728,80.5411030176899,11795,1271.501,0.474764585449044,1,44549,494,11.08891333,169,3.793575613,4,8.1,"Heredia"
"47","SANTA BÁRBARA",27695,56.4217367755913,54.879942227839,2.73262511199283,43.5782632244087,1.31940355817228,5.90828343969998,24.5016119481545,69.5901046121455,10289,1554.6679,0.580496013022748,1,37339,507,13.57829615,128,3.428051099,5,9.86,"Heredia"
"48","SAN RAFAEL",35529,57.9019955529286,56.1316107968139,3.05755395683453,42.0980044470714,1.23434765700953,2.5974025974026,21.5313643885072,75.8712330140901,13237,1796.2609,0.670704200426761,1,48924,674,13.77646963,186,3.80181506,3,4.45,"Heredia"
"49","SAN ISIDRO",16172,58.6569379173881,57.3583972297799,2.21378874130297,41.3430620826119,1.17510014758592,4.72186287192755,18.0789133247089,77.1992238033635,5961,769.5651,0.287347202776524,1,20873,251,12.0251042,95,4.55133426,1,3.98,"Heredia"
"50","BELÉN",17469,58.4979105844639,57.0897017573988,2.40728055582738,41.5020894155361,1.11693903513064,3.05825729469568,25.6893612754437,71.2523814298606,6243,575.6046,0.21492447060723,1,24192,337,13.93022487,113,4.670965608,3,8.9,"Heredia"
"51","FLORES",15674,58.9319892816129,57.3561311726426,2.67402836418751,41.0680107183871,1.16921078272166,1.95773081201335,24.0044493882091,74.0378197997775,5876,593.476,0.221597456167126,1,22129,331,14.95774775,80,3.61516562,2,6.04,"Heredia"
"52","SAN PABLO",21923,58.5230123614469,56.8672170779547,2.82930631332814,41.4769876385531,1.15674201091193,1.27536696879763,17.7187775727922,81.0058554584102,8196,745.836,0.278487016017269,1,29026,394,13.57403707,119,4.099772618,5,12.69,"Heredia"
"53","SARAPIQUÍ",39447,50.4778563642355,48.7717697163282,3.37987143431097,49.5221436357645,1.8699779027722,48.0898175580851,9.7770154373928,42.1331670045221,16158,5872.8672,2.19286446617446,3,64488,1175,18.22044411,161,2.496588513,2,1.7,"Guanacaste"
"54","LIBERIA",45580,52.0579201404125,49.5370776656428,4.84238031018206,47.9420798595875,1.65454315576534,8.52562115239825,12.8570795872271,78.6172992603747,16980,3818.5771,1.42581498078784,2,64797,1317,20.32501505,245,3.781039246,12,9.11,"Guanacaste"
"55","NICOYA",38625,43.7203883495146,42.1359223300971,3.62408953632972,56.2796116504854,2.00971161248298,17.1182795698925,14.2672811059908,68.6144393241167,15160,4726.5762,1.76485192712103,3,51371,892,17.36388235,283,5.508944735,7,7.85,"Guanacaste"
"56","SANTA CRUZ",41660,47.5060009601536,45.3960633701392,4.44141276337729,52.4939990398464,1.78429589207215,12.2038917089679,10.8978426395939,76.8982656514382,16929,4540.0896,1.69521986757818,2,58107,897,15.43703857,279,4.801486912,7,7.8,"Guanacaste"
"57","BAGACES",14037,45.892997079148,44.1333618294507,3.83421297733623,54.107002920852,2.03259857187209,29.3946731234867,12.4455205811138,58.1598062953995,5673,2056.4625,0.767860635818616,3,20824,329,15.79907799,89,4.273914714,5,15.2,"Guanacaste"
"58","CARRILLO",27199,46.4943564101621,43.869259899261,5.64605408824925,53.5056435898379,1.93547366756287,13.8199798860208,15.5464297686892,70.63359034529,10345,3082.214,1.15086504216296,3,38068,745,19.57024272,168,4.413155406,7,9.39,"Guanacaste"
"59","CAÑAS",19026,49.8212971722905,48.2182276884264,3.2176389914548,50.1787028277095,1.76411013820023,25.6921735339002,12.9823413996076,61.3254850664923,7372,2074.9365,0.774758625636622,3,29234,522,17.85592119,108,3.694328522,9,17.24,"Guanacaste"
"60","ABANGARES",13323,47.1290249943706,44.8622682578999,4.80968307055264,52.8709750056294,1.87290969899666,30.5169817634265,17.5673414756567,51.9156767609169,5393,2016.4427,0.752917679614292,3,18512,297,16.04364736,81,4.37554019,2,6.73,"Guanacaste"
"61","TILARÁN",14705,48.616116967018,47.2288337300238,2.85354595048259,51.383883032982,1.74723737585676,20.1007919366451,14.5572354211663,65.3419726421886,6093,1478.1618,0.551929470919499,2,20364,262,12.86584168,80,3.928501277,1,3.82,"Guanacaste"
"62","NANDAYURE",8384,42.175572519084,40.3029580152672,4.44004524886878,57.824427480916,2.14507918552036,33.7081976916247,11.6898490677715,54.6019532406037,3335,1230.615,0.459498199625778,3,11298,146,12.92264118,43,3.80598336,NA,NA,"Guanacaste"
"63","LA CRUZ",13106,45.3532733099344,43.7051732031131,3.63391655450875,54.6467266900656,2.22695154777927,37.1857541899441,9.54958100558659,53.2646648044693,4877,2793.8625,1.04319774157797,5,22644,446,19.69616675,71,3.13548843,2,4.48,"Guanacaste"
"64","HOJANCHA",3259,45.0138079165388,44.2467014421602,1.70415814587594,54.9861920834612,1.89366053169734,25.3814147018031,11.9278779472954,62.6907073509015,2041,684.7555,0.255680224468131,3,7483,94,12.56180676,26,3.474542296,NA,NA,"Puntarenas"
"65","PUNTARENAS",295918,48.9084814036321,47.2874242188714,3.31447049312854,51.0915185963679,1.83929965659958,24.5076179858789,14.5320584283795,60.9603235857416,33755,9235.7496,3.44852802330095,3,122535,2064,16.84416697,555,4.529318154,20,9.69,"Puntarenas"
"66","ESPARZA",21413,49.4886284033064,47.7326857516462,3.54817401151269,50.5113715966936,1.703029159196,7.29869875746013,23.647392623031,69.0539086195088,8526,1998.5816,0.746248539961894,2,33126,459,13.85618547,115,3.47159331,9,19.61,"Puntarenas"
"67","BUENOS AIRES",30658,45.2410463826734,43.7145280187879,3.37418889689978,54.7589536173266,2.2620043258832,54.3650201462468,8.32711535591703,37.3078644978361,12371,5448.9002,2.03455981914778,4,47324,997,21.06753444,149,3.148508157,9,9.03,"Puntarenas"
"68","MONTES DE ORO",9895,47.6503284487115,46.366851945427,2.69353128313892,52.3496715512885,1.74655355249205,13.5571054925894,19.7471665213601,66.6957279860506,3989,899.7028,0.335939198529411,2,12937,174,13.44979516,57,4.40596738,2,11.49,"Puntarenas"
"69","OSA",21458,48.5459968310187,47.0966539286047,2.98550446385716,51.4540031689813,1.82547758471729,28.032851771225,13.1308133781912,58.8363348505838,9045,2973.256,1.11018131505511,3,29483,493,16.72150053,109,3.697045755,4,8.11,"Puntarenas"
"70","AGUIRRE",19804,54.9686931932943,52.757018784084,4.02351644313798,45.0313068067057,1.46748116847327,17.103751914242,13.2944104134763,69.6018376722818,8235,2027.127,0.756907080535183,2,28491,545,19.12884771,100,3.509880313,5,9.17,"Puntarenas"
"71","GOLFITO",28045,48.4221786414691,46.6357639507934,3.68924889543446,51.5778213585309,1.88291605301915,24.69607768178,12.6385809312639,62.6653413869562,11807,3849.082,1.43720517725852,3,41015,715,17.43264659,180,4.388638303,6,8.39,"Puntarenas"
"72","COTO BRUS",26748,44.7061462539255,43.7004635860625,2.2495400568657,55.2938537460745,2.21567151697608,42.0908546496706,8.74326289674053,49.1658824535888,11032,4361.0944,1.62838501497061,4,43361,875,20.17942391,153,3.528516409,12,13.71,"Puntarenas"
"73","PARRITA",11857,50.4343425824407,48.7813106182002,3.27759197324415,49.5656574175593,1.69481605351171,24.792531120332,19.0179806362379,56.1894882434302,4924,1407.8256,0.525666702085608,3,16865,300,17.788319,65,3.854135784,1,3.33,"Puntarenas"
"74","CORREDORES",29586,50,48.9,2.2,50,1.8,5.57118739448509,21.8345526167698,72.5942599887451,12068,3209.4321,1.19836689116513,2,47094,872,18.51615917,182,3.864611203,2,2.29,"Puntarenas"
"75","GARABITO",12244,60.249918327344,58.0610911466841,3.63291310830961,39.750081672656,1.33550223668158,7.14587143058095,14.6012097341398,78.2529188352792,5374,1252.071,0.467509635672933,2,20184,429,21.25445898,73,3.61672612,3,6.99,"Limón"
"76","LIMÓN",65555,48.8612615361147,46.3870032796888,5.06384440073679,51.1387384638853,1.94761324966439,17.2514716038015,13.3282909664902,69.4202374297083,27049,8047.4706,3.00483762366083,3,96314,2049,21.27416575,476,4.942168324,32,15.62,"Limón"
"77","POCOCÍ",89730,51.1612615624652,48.8677142538727,4.48297645239288,48.8387384375348,1.74385170017644,36.4637734041825,13.0128395174348,50.5233870783826,36887,11785.4208,4.4005474006348,3,131214,2392,18.22976207,464,3.536208027,26,10.87,"Limón"
"78","SIQUIRRES",40174,50.582466271718,48.7554139493205,3.61202696717681,49.417533728282,1.79444909207224,44.8511768009394,10.3946495124317,44.7541736866289,16556,4958.6796,1.85151680153506,3,60376,1110,18.38478866,218,3.610706241,4,3.6,"Limón"
"79","TALAMANCA",19899,50.3894668073773,48.9120056284235,2.9320833748878,49.6105331926227,2.06293008876035,48.9263330935991,6.84270009246892,44.230966813932,8229,3827.0128,1.42896477902903,4,35874,784,21.85426771,113,3.149913586,10,12.75,"Limón"
"80","MATINA",25740,51.9114219114219,49.6386946386946,4.37808711270768,48.0885780885781,1.8230055380931,64.3969632934179,5.75252406668232,29.8505126398998,10675,3685.794,1.37623522156929,3,41148,893,21.70214834,111,2.697579469,10,11.2,"Limón"
"81","GUÁCIMO",29059,50.3561719260814,48.3086135104443,4.06615184856147,49.6438280739186,1.82006423836534,48.1265137483972,11.7466875623308,40.126798689272,12048,3749.9198,1.40017909487618,3,46478,840,18.07306683,123,2.646413357,3,3.57,"Limón"
